Scenario_name,Total project installation time,Monopile_install_time_months,Turbine_install_time_months,Substructure_install_cost,Turbine_install_cost,"Average time per monopile, days","Average time per turbine, days",Total install cost
1MP4feeder060km_WTG3feeder060km,18.133144353326013,9.731105785077366,8.402038568248647,218.3190868959727,183.66105584795892,5.919756019255398,5.111240129017927,401.98014274393165
2MP6feeder060km_WTG6feeder060km,18.134171750586287,9.731105785077366,8.40306596550892,208.48229157772386,183.70532335176412,5.919756019255398,5.111865129017927,392.18761492948795
3MP4feeder800km_WTG3feeder800km,18.18886891350263,10.0940221260759,8.094846787426729,226.50022239537367,183.86340554354493,6.140530126696173,4.924365129017927,410.3636279389186
4MP4shuttle060km_WTG3shuttle060km,11.83596879206556,4.749402088375529,7.08656670369003,93.4442616693156,137.59070440303324,2.88921960376178,4.310994744744768,231.03496607234882
5MP6shuttle060km_WTG6shuttle060km,11.800574493657557,4.7604350391345065,7.04013945452305,93.65266185031851,136.7137452521015,2.895931315473492,4.282751501501522,230.36640710242
6MP6shuttle800km_WTG6shuttle800km,13.660848466260305,5.7741336692714915,7.886714796988813,112.80030264179491,152.70461283201024,3.5125979821401576,4.797751501501528,265.50491547380517
