Scenario_name,Total project installation time,Monopile_install_time_months,Turbine_install_time_months,Substructure_install_cost,Turbine_install_cost
feeder_foreign_freq_far,10.701539834400666,2.321649670263907,8.379890164136759,54.05784109828389,190.46563553279324
feeder_freq,9.606508364574667,1.6252483374242184,7.981260027150449,39.1362776341348,181.1542885008297
feeder_infreq,9.831073144257326,1.6614569527233118,8.169616191534013,39.67194920665821,185.25296049474147
shuttle_amer_freq,13.27500988795597,2.9631007185125164,10.311909169443455,59.70301357190312,198.51383986726464
shuttle_amer_infreq,13.12180737036989,2.9549555870797133,10.166851783290177,59.54916108928351,195.77386701770274
