Scenario_name,Total project installation time,Monopile_install_time_months,Turbine_install_time_months,Substructure_install_cost,Turbine_install_cost,"Average time per monopile, days","Average time per turbine, days",Total install cost
1MP4feeder060km_WTG1feeder060km,16.00539537146746,7.850047443630897,8.155347927836553,176.07545527792647,185.56938080686004,4.775445528208795,4.961169989433904,361.6448360847865
1MP4feeder060km_WTG3feeder060km,16.00608030297431,7.850047443630897,8.156032859343403,176.07545527792647,184.90059617976726,4.775445528208795,4.96158665610057,360.97605145769376
2MP6feeder060km_WTG6feeder060km,16.00597426085911,7.850283867269147,8.155690393589978,174.57065535245752,184.89287738220256,4.775589352588732,4.961378322767237,359.4635327346601
3MP4feeder800km_WTG1feeder800km,20.558993261595013,12.211830345253983,8.347162916341025,255.37326653540416,189.90121962690762,7.428863460029507,5.077857440774124,445.27448616231175
3MP4feeder800km_WTG3feeder800km,20.171972793638478,12.211830345253983,7.960142448384489,255.37326653540416,180.39211063943227,7.428863460029507,4.842419989433897,435.76537717483643
4MP4shuttle060km_WTG3shuttle060km,10.01268112083266,4.70830619796457,5.304374922868077,92.66800596155306,103.92708187639697,2.8642196037617804,3.2268280780780803,196.59508783795002
5MP6shuttle060km_WTG6shuttle060km,9.811533397767127,4.682352847353685,5.1291805504134285,92.17777600556968,100.61785484114252,2.848431315473492,3.120251501501502,192.79563084671219
6MP6shuttle800km_WTG6shuttle800km,11.843040247082202,5.761804902148204,6.081235344933984,112.56742592946617,118.6011120709751,3.5050979821401573,3.6994181681681737,231.1685380004413
