Scenario_name,Total project installation time,Monopile_install_time_months,Turbine_install_time_months,Substructure_install_cost,Turbine_install_cost,"Average time per monopile, days","Average time per turbine, days"
MP4feeder_060km_WTG3feeder_060km,9.803577000585133,3.507818113844492,6.29575888674064,80.67976421712953,143.59875447504854,2.133922685922066,3.82991998943389
MP4feeder_800km_WTG3feeder_800km,10.871757692692771,4.2392276055279545,6.632530087164818,95.98632589613476,151.4758698090534,2.5788634600295057,4.034789136358597
MP4shuttle060km_WTG3shuttle060km,12.94007838110666,5.594607567827589,7.345470813279071,109.40925405896554,142.4811153619374,3.40338627042845,4.468494744744769
MP6feeder_060km_WTG6feeder_060km,9.918303027982393,3.570831812474628,6.347471215507765,81.4232276507833,144.90429290731646,2.1722560192553986,3.8613783227672234
MP6shuttle060km_WTG6shuttle060km,12.83337715933694,5.594607567827589,7.238769591509351,109.40925405896554,140.46564783962054,3.40338627042845,4.403584834834856
