,Scenario_name,Monopile_install_time_months,Turbine_install_time_months,Substructure_install_cost,Turbine_install_cost
0,feeder_freq,2.0546937725625343,4.873040849068241,48.28371932223009,111.75914847038814
1,feeder_infreq,2.0510825397429473,4.905232629890159,48.20408638426426,111.1437154414688
2,shuttle_amer_freq,3.7850185267317027,5.687788473404911,75.22812772715429,111.16933783098168
3,shuttle_amer_infreq,3.7850185267317027,5.520257929162034,75.22812772715429,108.00487199528295
4,shuttle_foreign_freq_close,3.7850185267317027,5.687788473404911,50.80259835620313,75.16862461776846
5,shuttle_foreign_freq_far,3.7850185267317027,5.687788473404911,50.80259835620313,75.16862461776846
6,shuttle_foreign_infreq_close,3.7850185267317027,5.687788473404911,50.80259835620313,75.16862461776846
7,shuttle_foreign_infreq_far,3.7850185267317027,5.687788473404911,50.80259835620313,75.16862461776846
