Scenario_name,Total project installation time,Monopile_install_time_months,Turbine_install_time_months,Substructure_install_cost,Turbine_install_cost,"Average time per monopile, days","Average time per turbine, days"
feeder_foreign_freq_far,10.148880980364,3.85621390689782,6.29266707346618,86.93951158867664,143.70240177252361,2.345863460029507,3.8280391363585924
feeder_freq,8.976727685516632,3.1741194837075066,5.802608201809125,73.32390120343092,132.72368598189775,1.9309226859220667,3.529919989433884
feeder_infreq,9.04350850743444,3.235763319323945,5.807745188110495,74.1191561134926,132.83946794536809,1.9684226859220666,3.533044989433884
shuttle_amer_freq,11.83596879206556,4.745292499334437,7.090676292731123,93.36663609853935,137.66832997380953,2.886719603761782,4.313494744744767
shuttle_amer_infreq,11.800574493657562,4.748106272011222,7.052468221646339,93.41978513798976,136.94662196443028,2.888431315473494,4.290251501501523
