Scenario_name,Total project installation time,Monopile_install_time_months,Turbine_install_time_months,Substructure_install_cost,Turbine_install_cost,"Average time per monopile, days","Average time per turbine, days"
MP4feeder_060km_WTG3feeder_060km,10.647412617023496,3.9201468809677777,6.727265736055719,89.64652981834716,153.51110607322218,2.384756019255398,4.092419989433895
MP4feeder_800km_WTG3feeder_800km,11.488996278310355,4.522789249363569,6.966207028946786,102.91082361302972,158.45734165380534,2.7513634600295047,4.237775942609295
MP4shuttle060km_WTG3shuttle060km,11.83596879206556,4.749402088375529,7.08656670369003,93.4442616693156,137.59070440303324,2.88921960376178,4.310994744744768
MP6feeder_060km_WTG6feeder_060km,10.718303027982401,3.9201468809677777,6.798156147014623,88.90306783343169,155.07556383577926,2.384756019255398,4.135544989433895
MP6shuttle060km_WTG6shuttle060km,11.800574493657557,4.7604350391345065,7.04013945452305,93.65266185031851,136.7137452521015,2.895931315473492,4.282751501501522
