Scenario_name,Total project installation time,Monopile_install_time_months,Turbine_install_time_months,Substructure_install_cost,Turbine_install_cost,"Average time per monopile, days","Average time per turbine, days"
feeder_foreign_freq_far,11.756385791110828,3.184433084980009,8.57195270613082,73.17826273022912,194.70563405985928,1.937196793362839,5.214604562896248
feeder_freq,10.79200165811938,2.5459003056253104,8.246101352494069,59.50453895076725,187.43463993927995,1.548756019255397,5.016378322767225
feeder_infreq,10.958440014283765,2.593845511104762,8.364594503179003,60.127041958241406,190.25867722999536,1.5779226859220636,5.08846165610056
shuttle_amer_freq,14.161311257818992,4.093237704813889,10.068073553005101,81.05004553537344,193.90805600120683,2.490052937095116,6.1247447447447705
shuttle_amer_infreq,14.082081342972632,3.998791203518072,10.08329013945456,79.26605606645248,194.19548041191888,2.4325979821401607,6.134001501501524
