Scenario_name,Total project installation time,Monopile_install_time_months,Turbine_install_time_months,Substructure_install_cost,Turbine_install_cost,"Average time per monopile, days","Average time per turbine, days"
feeder_foreign_freq_far,15.198205670350827,6.791830345253986,8.406375325096842,152.05115542429309,191.05637053288763,4.131696793362842,5.1138783227672455
feeder_freq,14.57124823346188,5.8809687987759975,8.69027943468588,132.8999438213913,197.45525371401396,3.5775893525887317,5.286586656100577
feeder_infreq,14.68460439784544,5.98918797685819,8.69541642098725,134.1382885335839,197.5710356774843,3.643422685922066,5.289711656100577
shuttle_amer_freq,11.83596879206556,4.745292499334437,7.090676292731123,93.36663609853935,137.66832997380953,2.886719603761782,4.313494744744767
shuttle_amer_infreq,11.800574493657562,4.748106272011222,7.052468221646339,93.41978513798976,136.94662196443028,2.888431315473494,4.290251501501523
