Scenario_name,Total project installation time,Monopile_install_time_months,Turbine_install_time_months,Substructure_install_cost,Turbine_install_cost
feeder_foreign_freq_far,10.700756141741108,2.2808582301308467,8.419897911610262,53.15350233270979,191.35182127447104
feeder_freq,9.492639720256843,1.587634258173744,7.905005462083099,38.266286981261615,179.68005089818394
feeder_infreq,9.770806027825824,1.6431978260166955,8.127608201809128,39.24049941156201,184.21726931523116
shuttle_amer_freq,13.27500988795597,2.9631007185125164,10.311909169443455,59.70301357190312,198.51383986726464
shuttle_amer_infreq,13.12180737036989,2.9549555870797133,10.166851783290177,59.54916108928351,195.77386701770274
